coordinator,num_runs,num_packages,final_accuracy_mean,final_accuracy_std,handling_accuracy_mean,handling_accuracy_std,hub_accuracy_mean,hub_accuracy_std,depot_accuracy_mean,depot_accuracy_std,conflict_rate_mean,conflict_rate_std,conflict_resolution_accuracy_mean,conflict_resolution_accuracy_std,manual_review_rate_mean,manual_review_rate_std,avg_processing_time_ms_mean,avg_processing_time_ms_std
MediatorCoordinator,480,240000,0.6463916666666666,0.267049940856802,0.6782125,0.23785600425011097,0.83545,0.1753592840338614,0.8319708333333333,0.17918816920378042,0.6180083333333334,0.2474326460583183,0.561713609676499,0.3307810293685586,0.07064166666666667,0.089276591234876,0.04576053002565459,0.007470407697975727
RuleBasedCoordinator,480,240000,0.6639875,0.2572637937043381,0.6847666666666666,0.2388967241625302,0.83545,0.1753592840338614,0.8319708333333333,0.17918816920378042,0.6180083333333334,0.2474326460583183,0.5748314319847653,0.32945011669265245,0.029258333333333334,0.045290986044031326,0.04347995086427545,0.007762863261478094
WeightedVotingCoordinator,480,240000,0.6639875,0.2572637937043381,0.6847666666666666,0.2388967241625302,0.83545,0.1753592840338614,0.8319708333333333,0.17918816920378042,0.6180083333333334,0.2474326460583183,0.5748314319847653,0.32945011669265245,0.029258333333333334,0.045290986044031326,0.045551783752671327,0.007499064726447285
